{
  "px": 223.2222222222223,
  "py": 1247.999,
  "score": 0,
  "lives": 2,
  "timer": 1.7999999999999985
}